#{"t_start": 1668002079.3186617, "env_id": "Follow-The-Leader-v0"}
r,l,t
473.556929,1001,20.002034
443.681392,1001,41.488101
355.053326,1001,69.049901
